{"name":"build-javascript","namedChunkGroups":{"app":{"name":"app","assets":[{"name":"webpack-runtime-9d4716463b0c345f3fd8.js","size":3982},{"name":"framework-158f31e39f6bab5a888a.js","size":140777},{"name":"styles.40a552e290d60b3c11df.css","size":10615},{"name":"app-c8016e34f1fbfc25505e.js","size":155350}],"filteredAssets":0,"assetsSize":310724,"filteredAuxiliaryAssets":3,"auxiliaryAssetsSize":914435},"component---src-pages-404-tsx":{"name":"component---src-pages-404-tsx","assets":[{"name":"component---src-pages-404-tsx-116de574e3ff47e4b45b.js","size":782}],"filteredAssets":0,"assetsSize":782,"filteredAuxiliaryAssets":1,"auxiliaryAssetsSize":1914},"component---src-pages-index-tsx":{"name":"component---src-pages-index-tsx","assets":[{"name":"c16184b3-7bc2046e5905bf2c3798.js","size":943},{"name":"2cca2479-329d3224af68ddb3e5e2.js","size":1640},{"name":"component---src-pages-index-tsx-d7f6bda7d88856b987e1.js","size":80308}],"filteredAssets":0,"assetsSize":82891,"filteredAuxiliaryAssets":3,"auxiliaryAssetsSize":1822811}},"assetsByChunkName":{"app":["webpack-runtime-9d4716463b0c345f3fd8.js","framework-158f31e39f6bab5a888a.js","styles.40a552e290d60b3c11df.css","app-c8016e34f1fbfc25505e.js"],"component---src-pages-404-tsx":["component---src-pages-404-tsx-116de574e3ff47e4b45b.js"],"component---src-pages-index-tsx":["c16184b3-7bc2046e5905bf2c3798.js","2cca2479-329d3224af68ddb3e5e2.js","component---src-pages-index-tsx-d7f6bda7d88856b987e1.js"]},"childAssetsByChunkName":{}}